Full Name,Preferred First Name,Legal First Name,Last Name,Position ID,Associate ID,Job Title Description,Home Department Description,Business Unit Description,Reports To Position ID,Location Description,Hire Date,Pronouns,Work Phone,Work Mobile,Time Zone,Time Zone Description
Suzanne Fitzgerald,Jerome,Megan,Young,8EN326122,443674798,Academic librarian,repurpose collaborative info-mediaries,"Moran, Anderson and Ortiz",8EN688208,Bartonland,1979-04-25,She/Her/Hers,980.246.4385,+1-766-771-1539x5489,Europe/Malta,Africa/Abidjan
Brandon Gillespie,Tina,James,Reed,8EN363871,269814643,Hotel manager,leverage magnetic schemas,Pena-Petersen,8EN836574,Harrisshire,1978-09-26,She/Her/Hers,+1-452-867-3476,001-838-657-3002x94998,Africa/Malabo,Europe/Belgrade
Stacey Williams,Meredith,Kyle,Campos,8EN955148,453475600,Television camera operator,whiteboard sticky infrastructures,Robinson-Hunt,8EN553522,North Kenneth,1990-02-04,NaN,001-974-472-9487,2562375295,America/Santo_Domingo,America/St_Vincent
Sherry King,Melissa,Christopher,Jackson,8EN352269,429788421,Artist,exploit customized e-tailers,"Snow, Price and Wu",8EN504698,Bradleyville,2001-12-24,NaN,(928)984-3203,(553)625-8840,Asia/Thimphu,Europe/Brussels
Stacey Osborn,April,Jason,Solis,8EN082027,069874104,"Teacher, secondary school",integrate B2B eyeballs,Smith Ltd,8EN579676,New Ann,2001-07-12,He/Him/His,230-222-2351,941-880-4139x483,America/Managua,Europe/Sofia
Donald Williams,Tina,Victoria,Roth,8EN892594,690122733,Estate agent,leverage real-time technologies,"Randall, Rocha and Mason",8EN822572,Donaldchester,1970-03-23,They/Them/Theirs,411-473-3696x8045,858-595-3819x7087,Africa/Nairobi,Europe/Luxembourg
Nicole Alexander,Jesus,Richard,Hicks,8EN973821,228914021,Learning disability nurse,implement seamless ROI,Miller-Lawson,8EN762112,Hollytown,1996-03-31,NaN,5576410690,2657172715,America/Tegucigalpa,America/El_Salvador
Ashley Smith,Donald,Daniel,Moore,8EN635937,701384722,Museum/gallery exhibitions officer,engage intuitive experiences,"Riley, Tucker and Duncan",8EN242007,Edwardsmouth,1980-02-23,He/Him/His,843.425.4439x03176,+1-480-987-3292x0095,Indian/Comoro,Asia/Aden
Anthony Rose,Valerie,Justin,Harris,8EN280395,482396590,Publishing rights manager,integrate innovative initiatives,"Cervantes, Miller and Castillo",8EN491841,Karenberg,1977-09-13,NaN,544.306.5718,(925)350-6040x127,Europe/Vatican,Europe/Tallinn
Dwayne Turner,Chelsea,Yvonne,Meyer,8EN283151,622851885,Podiatrist,cultivate e-business infrastructures,"Gutierrez, Williams and Riddle",8EN059902,West Nathanland,1999-07-02,He/Him/His,+1-255-893-1291,7088767324,Africa/Lubumbashi,Africa/Sao_Tome
Kaitlyn Villanueva,Gregory,Kristin,Hensley,8EN652468,412683741,Medical physicist,repurpose ubiquitous interfaces,"Mcguire, Porter and Smith",8EN476029,Hallhaven,1991-03-09,He/Him/His,356.765.9130x509,2149355298,Asia/Katmandu,Pacific/Kiritimati
Jose Burke,Donald,Eddie,Duncan,8EN447626,384959557,Chief Financial Officer,repurpose seamless synergies,"French, Chandler and Cole",8EN713292,Janiceberg,1993-10-08,They/Them/Theirs,(883)264-0120x350,+1-909-410-2478,America/Antigua,Asia/Thimphu
Donna Lee,Briana,Jessica,Hensley,8EN887007,433462297,Product designer,maximize e-business web services,Ruiz LLC,8EN254732,Hensleyville,1974-07-15,He/Him/His,001-508-745-0980,651-749-3753x73344,America/Santo_Domingo,America/Montreal
Crystal Cruz,Megan,Andrea,Boyd,8EN444128,427064840,Film/video editor,extend killer technologies,Butler Ltd,8EN410566,West Michealtown,2015-02-18,NaN,(699)752-0299,581.494.3102x620,Africa/Addis_Ababa,Asia/Aden
Ronald Davis,Wayne,Andrea,Williams,8EN856900,668901567,Haematologist,iterate dot-com eyeballs,Mendoza-Lopez,8EN813578,Hoffmanside,1993-04-25,They/Them/Theirs,001-537-748-8345x33806,407-586-4728x3296,Europe/Zurich,Asia/Dili
Brian Walker,Kimberly,Aaron,Sweeney,8EN466788,116346523,Airline pilot,scale strategic users,Adams Group,8EN528286,Teresaside,1976-03-14,They/Them/Theirs,990-637-3505x0433,559-877-9099x220,Europe/Rome,Europe/Kyiv
Mario Edwards,Eric,Steven,Lawson,8EN209935,905661523,Therapeutic radiographer,extend virtual ROI,Davis-Thompson,8EN931167,New Sheilafurt,1995-03-31,She/Her/Hers,400-288-0620,(959)239-1423,Asia/Brunei,America/St_Kitts
Amanda Clark,Tanner,Lauren,Perez,8EN624514,358308053,Call centre manager,repurpose frictionless convergence,"King, Griffith and Stewart",8EN067343,East Rogermouth,1988-03-29,He/Him/His,390-560-5311x140,623.866.8951x46371,America/Santo_Domingo,Pacific/Efate
Heather Clark,Jacob,Heather,Morris,8EN904352,385672462,Ergonomist,visualize plug-and-play eyeballs,"Harrison, Smith and Weaver",8EN603045,West Charles,1995-05-14,NaN,773-996-6324x5459,+1-948-948-8599,Africa/Johannesburg,Asia/Oral
Antonio Vazquez,Andrew,Glenn,Gibson,8EN203976,612356839,"Therapist, speech and language",streamline proactive e-services,Davis LLC,8EN471473,Edwinhaven,2022-09-21,He/Him/His,730.295.7670x08771,(384)723-1108,Asia/Aden,Africa/Lusaka
Lisa Vasquez,Katherine,Angie,Gaines,8EN115342,948268135,Make,streamline plug-and-play web-readiness,Kelly-Young,8EN234580,Petersenview,2020-08-04,She/Her/Hers,+1-383-939-4433,(658)664-3199x873,Africa/Bangui,Europe/Vilnius
Katherine Miller,Nancy,Lisa,Thomas,8EN249947,790217101,"Engineer, electrical",integrate value-added systems,Sanchez and Sons,8EN576646,Paynetown,2022-09-30,He/Him/His,(463)872-8113,(951)605-7693x8236,Asia/Baghdad,Asia/Baku
Sabrina Martinez,Lori,Christian,Bradford,8EN913557,808598467,"Accountant, chartered",synergize synergistic info-mediaries,Mccarthy-Mason,8EN966378,Lake Patricia,2020-11-15,NaN,464.365.9277,+1-556-724-6434x951,Pacific/Ponape,Asia/Saigon
Cindy Hardy,Sarah,Chelsea,Reid,8EN861813,459676980,Insurance risk surveyor,streamline B2B metrics,Jones Ltd,8EN964761,North Bruceborough,1986-04-14,NaN,771-832-7556x726,919.941.7612x34108,Europe/Vaduz,Asia/Dushanbe
Whitney Payne,Mark,Victoria,Norman,8EN101868,795907790,Advertising account planner,architect vertical methodologies,Mitchell Group,8EN151125,Sanchezview,1997-09-13,NaN,(364)773-6989x7171,(623)967-6010x45322,Europe/Budapest,Europe/Brussels
Paul Riggs,Paul,Martin,Morales,8EN459794,035352636,Building services engineer,utilize strategic models,Allen PLC,8EN061160,Matthewfort,2002-09-10,He/Him/His,+1-515-410-1546x4687,305.885.5815x245,Asia/Ashgabat,Europe/Helsinki
Tara Curry,Ashley,Hector,Gomez,8EN940634,875678336,Furniture designer,enhance user-centric e-business,Lewis Group,8EN289210,Andrewport,1974-12-06,She/Her/Hers,761-879-0800x859,386.693.4459x18275,America/Bogota,Pacific/Port_Moresby
Anthony Gibson DDS,Tyrone,Jennifer,Bullock,8EN781940,351722926,"Geologist, wellsite",leverage impactful portals,Mccoy-Cabrera,8EN404564,Davisville,2021-05-16,They/Them/Theirs,439-874-2561,733.854.2926,Asia/Aden,Europe/San_Marino
Sharon Dixon,Jeffery,Amanda,Parsons,8EN530263,251617321,Financial planner,facilitate rich portals,"Watson, Combs and Sawyer",8EN767672,South Jeremy,2007-04-01,NaN,407-582-7820x34758,(645)514-7031x88666,Indian/Comoro,Africa/Accra
Oscar Collins,Tamara,Michael,Walter,8EN091031,556607227,IT consultant,expedite 24/7 metrics,"Richmond, Miller and Figueroa",8EN612980,South Thomasshire,2012-11-07,They/Them/Theirs,947.582.2904x029,001-556-990-0539x654,Asia/Kuching,Europe/Uzhgorod
Andrew Friedman,John,Robert,Robles,8EN260944,356856889,Facilities manager,leverage B2C bandwidth,Henderson Group,8EN711481,Paulview,1977-11-25,They/Them/Theirs,+1-434-317-6447,001-267-273-1325x6520,Asia/Oral,Asia/Baghdad
Christine Kerr,Michael,Jacob,Thompson,8EN521296,535809906,Travel agency manager,visualize enterprise info-mediaries,Carter and Sons,8EN259937,Port Joshua,2023-09-01,They/Them/Theirs,807.935.6047x36022,202-806-3308,America/Havana,Europe/Malta
Bradley Carlson,Kyle,Janice,Mason,8EN364705,590801227,Personal assistant,extend web-enabled relationships,Martinez-Higgins,8EN160359,Patriciaside,1986-10-23,She/Her/Hers,728.676.0453x722,241-491-0839x31669,Indian/Mahe,Pacific/Palau
Jonathan Pennington,Timothy,Robert,Walker,8EN342114,214254787,Education administrator,synthesize impactful e-markets,"Friedman, Rodriguez and Barrett",8EN985719,Christopherview,2011-05-25,She/Her/Hers,(858)796-1128x676,465.503.2999x661,Europe/Warsaw,Asia/Baku
Jeffrey Gregory,Jamie,Emily,Riley,8EN411143,557788137,Radio broadcast assistant,synergize bleeding-edge solutions,Waters Inc,8EN623977,Jasminborough,2008-10-05,She/Her/Hers,001-752-790-6876,624-847-3796x14969,Europe/Chisinau,Atlantic/Azores
Joanna Small,Erin,Christopher,Vega,8EN424134,504278223,Meteorologist,synergize strategic e-business,"Davis, Roberts and Salazar",8EN581661,East Edwardfurt,2024-04-18,She/Her/Hers,(999)466-8605x618,336-638-9787,America/Port_of_Spain,Asia/Dili
Catherine Palmer,Lauren,Kimberly,Solomon,8EN047583,256661464,Osteopath,enhance leading-edge eyeballs,Stone-Gonzalez,8EN002998,South Jenniferborough,2013-07-08,She/Her/Hers,829.868.0681,731.240.7504,Europe/Helsinki,Asia/Colombo
Heather Watkins,Mark,Ethan,Friedman,8EN778049,363391988,Sales executive,synthesize efficient infrastructures,Wilkinson-Summers,8EN839352,Brianberg,1991-10-23,They/Them/Theirs,471.212.3299,+1-599-686-2669x39088,Europe/Prague,Asia/Jerusalem
Laura Peterson,Bethany,David,Robinson,8EN908615,497093547,Civil Service administrator,visualize holistic users,Powell-Johnson,8EN023568,West Deborahview,2011-12-28,They/Them/Theirs,+1-307-219-6750x3461,(479)367-5286,Africa/Maseru,Pacific/Funafuti
Eric Hendricks,Mark,Mathew,Hoffman,8EN931702,258611317,Arts development officer,incubate intuitive systems,Pierce-Hudson,8EN819336,New Shannon,2012-03-31,She/Her/Hers,749.904.4887,001-782-350-5177,Europe/Zurich,Asia/Qyzylorda
Jacqueline Lara,Brandon,Stephen,Wilson,8EN507318,322007718,"Exhibitions officer, museum/gallery",innovate turn-key e-services,Blankenship-Cunningham,8EN559768,Tylerhaven,1973-03-12,He/Him/His,955.556.1486x059,292-557-7994x782,America/Guayaquil,Africa/Porto-Novo
Jacqueline Jones,Anthony,Eddie,Park,8EN993734,888353465,"Designer, jewellery",synergize holistic e-services,Gonzalez and Sons,8EN040005,Barryshire,1977-02-02,They/Them/Theirs,+1-349-405-6375x2303,+1-759-440-7389x45632,Africa/Ouagadougou,Africa/Mogadishu
Kimberly Stephenson,Daniel,Bailey,Newman,8EN760911,256267317,Counselling psychologist,transition ubiquitous methodologies,Olson-Lynn,8EN843785,West Eric,1986-07-07,NaN,(320)260-9193x6193,(974)853-5578x7165,Europe/Malta,Asia/Samarkand
Dana Miller,Connor,Ernest,Peck,8EN907598,741662858,Mental health nurse,brand value-added markets,"Howard, Adams and Baker",8EN615143,East Darren,1998-04-04,They/Them/Theirs,7833315989,896-773-7305,Europe/Copenhagen,Asia/Hebron
Bianca Moore,Timothy,Kyle,Yang,8EN529131,892208476,Artist,empower web-enabled vortals,White-Baker,8EN309173,Port Nathan,2013-11-20,NaN,657-612-7183x341,447.806.6901x580,Europe/Vilnius,Pacific/Tarawa
Samantha Wells,Justin,Bryan,Stephens,8EN476790,216987422,Restaurant manager,syndicate robust applications,Sweeney-Wade,8EN621117,Fordburgh,2006-08-06,She/Her/Hers,001-251-929-7665x92702,+1-644-267-4582x504,Asia/Calcutta,Africa/Addis_Ababa
Vanessa Rose,Anthony,Aaron,Frost,8EN999506,257767958,"Designer, fashion/clothing",visualize robust supply-chains,Harrison Inc,8EN394727,East Annaville,2016-10-10,He/Him/His,(531)306-1379x1896,462-331-8741,Europe/London,Africa/Kigali
Jeffrey Lee,John,Emily,Nichols,8EN131516,651193732,TEFL teacher,iterate back-end supply-chains,Willis and Sons,8EN876675,Lake Kayla,1995-09-25,He/Him/His,(594)837-3826x58827,001-784-803-4771x92350,Europe/Copenhagen,Asia/Sakhalin
Patricia Pearson,Jason,David,Jones,8EN010967,018867750,Biomedical scientist,productize leading-edge niches,Glenn Inc,8EN802339,Ethanport,1982-09-02,NaN,+1-621-921-1112,(467)537-8760,America/St_Vincent,Europe/Warsaw
Gary Joyce,Mark,Karen,Mitchell,8EN730490,802276393,Leisure centre manager,scale bleeding-edge models,Wallace-Rhodes,8EN797767,Jessicaton,2001-06-21,She/Her/Hers,(945)831-9053x27127,707-344-2719x613,Europe/Vatican,Africa/Tunis
Michael Thompson,Victor,Mark,Bailey,8EN787024,895116693,Diagnostic radiographer,engineer magnetic ROI,Adams Group,8EN222466,Lake Erin,2020-09-23,She/Her/Hers,(243)339-8377,(810)547-4966x77173,Pacific/Easter,Europe/London
Rebecca Cox,Javier,Adam,Bowen,8EN171400,297683324,Product/process development scientist,embrace 24/7 functionalities,Miller Group,8EN083920,Harveyshire,1994-03-31,They/Them/Theirs,+1-573-354-7580x813,001-894-641-9130x4324,Europe/Istanbul,Asia/Qyzylorda
Jacob Hernandez,Sergio,Michael,Riley,8EN547008,448983504,Building control surveyor,incubate global technologies,Williams Inc,8EN980730,Fosterville,1992-07-23,They/Them/Theirs,001-393-905-4282x45844,3925323374,America/Argentina/Cordoba,Pacific/Apia